{"Training_loss": [62.30332946777344], "Validation_loss": [3709.1314697265625]}