{"Training_loss": [148.21710014343262], "Validation_loss": [489.08673095703125]}