{"Training_loss": [155.85049947102866], "Validation_loss": [178.9742431640625]}