{"Training_loss": [1709.95849609375], "Validation_loss": [1728.204833984375]}