{"Training_loss": [1342.06640625], "Validation_loss": [1336.488037109375]}