{"Training_loss": [133.6897347768148], "Validation_loss": [160.6872787475586]}