{"Training_loss": [50.64319610595703], "Validation_loss": [499.9885711669922]}