{"Training_loss": [57.72348594665527], "Validation_loss": [312.9020233154297]}